"FULLNAME","STREETPREFIX","STREETNAME","STREETTYPE","STREETSUFFIX","LEFTFROMADDRESS","LEFTTOADDRESS","RIGHTFROMADDRESS","RIGHTTOADDRESS","MUNICIPALITY"
"Abbott Street"," ","Abbott","Street"," ",13,27,14,30,"Sault Ste. Marie"
"Adelaide Street"," ","Adelaide","Street"," ",60,88,57,89,"Sault Ste. Marie"
"Adeline Avenue"," ","Adeline","Avenue"," ",0,73,0,88,"Sault Ste. Marie"
"Administration Building North Lot",,,,,0,0,0,0,"Sault Ste. Marie"
"Administration Building South Lot",,,,,0,0,0,0,"Sault Ste. Marie"
"Admiral Drive"," ","Admiral","Drive"," ",3,23,2,22,"Sault Ste. Marie"
"Adrian Drive"," ","Adrian","Drive"," ",5,111,6,112,"Sault Ste. Marie"
"Airport Road"," ","Airport","Road"," ",1,1253,56,1260,"Sault Ste. Marie"
"Alagash Drive"," ","Alagash","Drive"," ",17,221,26,214,"Sault Ste. Marie"
"Albert Street East"," ","Albert","Street","East",2,680,1,669,"Sault Ste. Marie"
"Albert Street West"," ","Albert","Street","West",1,669,2,688,"Sault Ste. Marie"
"Alberta Avenue"," ","Alberta","Avenue"," ",0,41,0,38,"Sault Ste. Marie"
"Albion Street"," ","Albion","Street"," ",9,173,20,172,"Sault Ste. Marie"
"Alden Road"," ","Alden","Road"," ",13,61,6,48,"Sault Ste. Marie"
"Alexandra Street"," ","Alexandra","Street"," ",115,369,114,368,"Sault Ste. Marie"
"Alfred Street"," ","Alfred","Street"," ",1,47,0,0,"Sault Ste. Marie"
"Algoma Avenue"," ","Algoma","Avenue"," ",1,63,2,64,"Sault Ste. Marie"
"Algoma University Entrance",,"Algoma University Entrance",,,0,0,0,0,"Sault Ste. Marie"
"Allard Street"," ","Allard","Street"," ",3,179,4,178,"Sault Ste. Marie"
"Allen Street"," ","Allen","Street"," ",13,37,10,30,"Sault Ste. Marie"
"Allen's Side Road"," ","Allen's Side","Road"," ",35,1285,114,1280,"Sault Ste. Marie"
"Alpine Street"," ","Alpine","Street"," ",2,34,1,33,"Sault Ste. Marie"
"Alworth Place",,"Alworth","Place"," ",0,109,1,122,"Sault Ste. Marie"
"Amber Street"," ","Amber","Street"," ",1,175,2,176,"Sault Ste. Marie"
"Amherst Street"," ","Amherst","Street"," ",1,59,2,66,"Sault Ste. Marie"
"Amy Avenue"," ","Amy","Avenue"," ",2,100,1,85,"Sault Ste. Marie"
"Anderson Road"," ","Anderson","Road"," ",0,175,0,174,"Sault Ste. Marie"
"Andrew Street"," ","Andrew","Street"," ",0,181,0,170,"Sault Ste. Marie"
"Angelina Avenue"," ","Angelina","Avenue"," ",5,53,4,52,"Sault Ste. Marie"
"Anich Road"," ","Anich","Road"," ",0,0,4,22,"Sault Ste. Marie"
"Anita Boulevard"," ","Anita","Boulevard"," ",11,124,12,121,"Sault Ste. Marie"
"Anna Street"," ","Anna","Street"," ",0,236,5,267,"Sault Ste. Marie"
"Appaloosa Avenue"," ","Appaloosa","Avenue"," ",11,51,10,54,"Sault Ste. Marie"
"Arabian Court",,"Arabian","Court",,18,36,11,41,"Sault Ste. Marie"
"Arbor Drive"," ","Arbor","Drive"," ",1,27,4,26,"Sault Ste. Marie"
"Arcade Street"," ","Arcade","Street"," ",1,1,0,0,"Sault Ste. Marie"
"Arden Street"," ","Arden","Street"," ",3,135,4,166,"Sault Ste. Marie"
"Argyle Road"," ","Argyle","Road"," ",10,28,9,27,"Sault Ste. Marie"
"Arizona Avenue"," ","Arizona","Avenue"," ",12,60,7,75,"Sault Ste. Marie"
"Aronson Drive"," ","Aronson","Drive"," ",7,19,8,28,"Sault Ste. Marie"
"Arthur Street"," ","Arthur","Street"," ",4,20,0,0,"Sault Ste. Marie"
"Ascot Avenue"," ","Ascot","Avenue"," ",3,21,0,20,"Sault Ste. Marie"
"Ashgrove Avenue"," ","Ashgrove","Avenue"," ",6,154,7,151,"Sault Ste. Marie"
"Asquith Street"," ","Asquith","Street"," ",0,209,0,208,"Sault Ste. Marie"
"Assunta Drive"," ","Assunta","Drive"," ",15,29,14,28,"Sault Ste. Marie"
"Atlantic Street",,"Atlantic","Street",,3,3,16,16,"Sault Ste. Marie"
"Atlas Street"," ","Atlas","Street"," ",11,85,10,80,"Sault Ste. Marie"
"Atwater Street"," ","Atwater","Street"," ",1,83,2,84,"Sault Ste. Marie"
"Aubin Road"," ","Aubin","Road"," ",45,45,2,74,"Sault Ste. Marie"
"Autumn Drive"," ","Autumn","Drive"," ",5,73,32,64,"Sault Ste. Marie"
"Avery Drive",,"Avery","Drive",,0,0,0,0,"Sault Ste. Marie"
"Avery Road"," ","Avery","Road"," ",35,115,4,166,"Sault Ste. Marie"
"Avon Avenue"," ","Avon","Avenue"," ",7,21,6,20,"Sault Ste. Marie"
"Back Road",,"Back","Road",,0,0,0,0,"Sault Ste. Marie"
"Backcountry Court",,"Backcountry","Court",,29,113,40,136,"Sault Ste. Marie"
"Bainbridge Street"," ","Bainbridge","Street"," ",3,349,8,318,"Sault Ste. Marie"
"Balsam Lane",,"Balsam","Lane",,0,0,0,0,"Sault Ste. Marie"
"Bar and Strip Road",,"Bar and Strip","Road",,0,0,0,0,"Sault Ste. Marie"
"Barber Boulevard"," ","Barber","Boulevard"," ",0,28,9,71,"Sault Ste. Marie"
"Barrett Street"," ","Barrett","Street"," ",1,19,2,20,"Sault Ste. Marie"
"Barton Street"," ","Barton","Street"," ",0,0,40,54,"Sault Ste. Marie"
"Base Line"," ","Base","Line"," ",339,1705,0,1706,"Sault Ste. Marie"
"Base Line A"," ","Base","Line","A",0,0,0,880,"Sault Ste. Marie"
"Baseline Road A.S.",,"Baseline Road A.S.","Road",,0,0,0,0,"Sault Ste. Marie"
"Bay Road"," ","Bay","Road"," ",9,33,4,32,"Sault Ste. Marie"
"Bay Street"," ","Bay","Street"," ",14,816,0,815,"Sault Ste. Marie"
"Bay Street West",,"Bay","Street","West",2,36,1,35,"Sault Ste. Marie"
"Beatrice Street"," ","Beatrice","Street"," ",10,30,11,31,"Sault Ste. Marie"
"Beaumont Avenue"," ","Beaumont","Avenue"," ",0,108,0,107,"Sault Ste. Marie"
"Beech Street"," ","Beech","Street"," ",15,41,12,36,"Sault Ste. Marie"
"Bell Avenue"," ","Bell","Avenue"," ",0,0,60,78,"Sault Ste. Marie"
"Bellevue Avenue"," ","Bellevue","Avenue"," ",9,137,6,138,"Sault Ste. Marie"
"Bellevue Park Entrance",,"Bellevue Park Entrance",,,0,0,0,0,"Sault Ste. Marie"
"Bennett Boulevard"," ","Bennett","Boulevard"," ",0,240,0,35,"Sault Ste. Marie"
"Beverley Street"," ","Beverley","Street"," ",217,339,224,330,"Sault Ste. Marie"
"Biggings Avenue"," ","Biggings","Avenue"," ",109,191,112,190,"Sault Ste. Marie"
"Bingham Street"," ","Bingham","Street"," ",59,85,58,84,"Sault Ste. Marie"
"Birch Street"," ","Birch","Street"," ",0,257,0,258,"Sault Ste. Marie"
"Birchland Court"," ","Birchland","Court"," ",0,41,16,54,"Sault Ste. Marie"
"Birchwood Street"," ","Birchwood","Street"," ",0,243,110,244,"Sault Ste. Marie"
"Birkshire Place",,"Birkshire","Place"," ",3,141,4,140,"Sault Ste. Marie"
"Bishop's Court"," ","Bishop's","Court"," ",100,144,101,101,"Sault Ste. Marie"
"Bitonti Crescent"," ","Bitonti","Crescent"," ",2,202,1,199,"Sault Ste. Marie"
"Black Road"," ","Black","Road"," ",0,1065,0,1076,"Sault Ste. Marie"
"Blake Avenue"," ","Blake","Avenue"," ",0,169,0,166,"Sault Ste. Marie"
"Blast Furnace Road East",,"Blast Furnace","Road","East",0,0,0,0,"Sault Ste. Marie"
"Blast Furnace Road South",,"Blast Furnace","Road","South",0,0,0,0,"Sault Ste. Marie"
"Blast Furnace Road West",,"Blast Furnace","Road","West",0,0,0,0,"Sault Ste. Marie"
"Bloor Street West"," ","Bloor","Street","West",0,369,8,378,"Sault Ste. Marie"
"Blucher Street"," ","Blucher","Street"," ",21,29,14,36,"Sault Ste. Marie"
"Blue Jay Court"," ","Blue Jay","Court"," ",0,41,1,41,"Sault Ste. Marie"
"Bluffs Drive East",,"Bluffs","Drive","East",2,16,1,19,"Sault Ste. Marie"
"Bluffs Drive West",,"Bluffs","Drive","West",1,11,2,8,"Sault Ste. Marie"
"Boehmer Boulevard"," ","Boehmer","Boulevard"," ",37,173,36,172,"Sault Ste. Marie"
"Bonney Street"," ","Bonney","Street"," ",0,913,684,912,"Sault Ste. Marie"
"Borden Avenue"," ","Borden","Avenue"," ",265,437,264,438,"Sault Ste. Marie"
"Borron Avenue"," ","Borron","Avenue"," ",27,125,0,72,"Sault Ste. Marie"
"Boston Avenue"," ","Boston","Avenue"," ",17,49,22,50,"Sault Ste. Marie"
"Boundary Road"," ","Boundary","Road"," ",0,657,0,650,"Sault Ste. Marie"
"Bowker Street"," ","Bowker","Street"," ",16,90,7,85,"Sault Ste. Marie"
"Boydell Place"," ","Boydell","Place"," ",385,389,0,0,"Sault Ste. Marie"
"Breton Road"," ","Breton","Road"," ",4,206,5,199,"Sault Ste. Marie"
"Bridgeview Court"," ","Bridgeview","Court"," ",5,30,0,27,"Sault Ste. Marie"
"Bridlepath Court",,"Bridlepath","Court",,8,20,7,19,"Sault Ste. Marie"
"Brien Avenue"," ","Brien","Avenue"," ",83,245,84,244,"Sault Ste. Marie"
"Bristol Place"," ","Bristol","Place"," ",3,173,2,178,"Sault Ste. Marie"
"Broad Street"," ","Broad","Street"," ",14,36,21,33,"Sault Ste. Marie"
"Broadview Drive"," ","Broadview","Drive"," ",1,119,8,120,"Sault Ste. Marie"
"Brock Street"," ","Brock","Street"," ",55,185,54,180,"Sault Ste. Marie"
"Brookfield Avenue"," ","Brookfield","Avenue"," ",0,197,106,192,"Sault Ste. Marie"
"Broos Road"," ","Broos","Road"," ",17,47,22,40,"Sault Ste. Marie"
"Brown Street"," ","Brown","Street"," ",215,271,216,256,"Sault Ste. Marie"
"Bruce Street"," ","Bruce","Street"," ",0,459,0,458,"Sault Ste. Marie"
"Brule Road"," ","Brule","Road"," ",211,859,228,860,"Sault Ste. Marie"
"Brunswick Avenue"," ","Brunswick","Avenue"," ",511,691,504,692,"Sault Ste. Marie"
"Bulk Barn Entrance",,"Bulk Barn Entrance",,,0,0,0,0,"Sault Ste. Marie"
"Burton Road"," ","Burton","Road"," ",5,55,6,88,"Sault Ste. Marie"
"Bush Street"," ","Bush","Street"," ",351,621,338,620,"Sault Ste. Marie"
"Byrne Avenue"," ","Byrne","Avenue"," ",0,0,0,232,"Sault Ste. Marie"
"Cabot Crescent"," ","Cabot","Crescent"," ",25,119,0,106,"Sault Ste. Marie"
"Caddy Avenue"," ","Caddy","Avenue"," ",0,188,1,189,"Sault Ste. Marie"
"Caesar Road"," ","Caesar","Road"," ",10,64,3,63,"Sault Ste. Marie"
"Caledon Street"," ","Caledon","Street"," ",125,173,126,170,"Sault Ste. Marie"
"Cambridge Place"," ","Cambridge","Place"," ",1,155,14,154,"Sault Ste. Marie"
"Cameron Avenue"," ","Cameron","Avenue"," ",3,83,4,86,"Sault Ste. Marie"
"Cameron Lane"," ","Cameron","Lane"," ",0,119,0,0,"Sault Ste. Marie"
"Campbell Avenue"," ","Campbell","Avenue"," ",3,133,4,132,"Sault Ste. Marie"
"Canadian Tire Entrance",,"Canadian Tire Entrance",,,0,0,0,0,"Sault Ste. Marie"
"Canal Drive"," ","Canal","Drive"," ",0,5,0,36,"Sault Ste. Marie"
"Capp Avenue"," ","Capp","Avenue"," ",2,76,23,83,"Sault Ste. Marie"
"Carlbert Street"," ","Carlbert","Street"," ",17,269,16,264,"Sault Ste. Marie"
"Carleton Avenue"," ","Carleton","Avenue"," ",2,10,0,0,"Sault Ste. Marie"
"Carmel Road"," ","Carmel","Road"," ",18,40,9,37,"Sault Ste. Marie"
"Carmen's Way",,"Carmen's","Way",,51,799,50,798,"Sault Ste. Marie"
"Carol Court"," ","Carol","Court"," ",15,101,14,58,"Sault Ste. Marie"
"Carpin Beach Road"," ","Carpin Beach","Road"," ",127,1599,86,1600,"Sault Ste. Marie"
"Cartier Street"," ","Cartier","Street"," ",5,61,6,62,"Sault Ste. Marie"
"Carufel Avenue"," ","Carufel","Avenue"," ",109,203,118,204,"Sault Ste. Marie"
"Case Road"," ","Case","Road"," ",37,701,26,702,"Sault Ste. Marie"
"Casino Entrance",,"Casino Entrance",,,0,0,0,0,"Sault Ste. Marie"
"Cathcart Street"," ","Cathcart","Street"," ",0,639,0,638,"Sault Ste. Marie"
"Cedar Street"," ","Cedar","Street"," ",0,42,0,55,"Sault Ste. Marie"
"Cedarwood Drive"," ","Cedarwood","Drive"," ",6,38,7,57,"Sault Ste. Marie"
"Celene Court"," ","Celene","Court"," ",9,101,14,90,"Sault Ste. Marie"
"Centennial Avenue"," ","Centennial","Avenue"," ",11,205,10,204,"Sault Ste. Marie"
"Central Creek Drive"," ","Central Creek","Drive"," ",10,186,11,187,"Sault Ste. Marie"
"Central Park Avenue"," ","Central Park","Avenue"," ",101,189,102,188,"Sault Ste. Marie"
"Central Street"," ","Central","Street"," ",65,235,68,240,"Sault Ste. Marie"
"Central Trades Road",,,,,0,0,0,0,"Sault Ste. Marie"
"Centre Street"," ","Centre","Street"," ",4,98,3,99,"Sault Ste. Marie"
"Chambers Avenue"," ","Chambers","Avenue"," ",0,462,1,467,"Sault Ste. Marie"
"Champlain Street"," ","Champlain","Street"," ",0,105,0,50,"Sault Ste. Marie"
"Channelview Lane"," ","Channelview","Lane"," ",0,0,17,71,"Sault Ste. Marie"
"Chapple Avenue"," ","Chapple","Avenue"," ",2,114,1,115,"Sault Ste. Marie"
"Charles Street"," ","Charles","Street"," ",395,589,394,582,"Sault Ste. Marie"
"Charlotte Drive"," ","Charlotte","Drive"," ",3,39,4,40,"Sault Ste. Marie"
"Chartwell Drive"," ","Chartwell","Drive"," ",3,163,2,156,"Sault Ste. Marie"
"Chatfield Drive"," ","Chatfield","Drive"," ",0,134,0,131,"Sault Ste. Marie"
"Chelten Avenue",,"Chelten","Avenue",,0,0,2,2,"Sault Ste. Marie"
"Cheshire Road"," ","Cheshire","Road"," ",213,347,214,342,"Sault Ste. Marie"
"Chestnut Street"," ","Chestnut","Street"," ",111,141,112,144,"Sault Ste. Marie"
"Chestnut Street South"," ","Chestnut","Street","South",17,29,4,36,"Sault Ste. Marie"
"Chicora Crescent"," ","Chicora","Crescent"," ",7,151,6,154,"Sault Ste. Marie"
"Chippewa Street"," ","Chippewa","Street"," ",27,187,28,154,"Sault Ste. Marie"
"Chlebus Street"," ","Chlebus","Street"," ",6,14,7,15,"Sault Ste. Marie"
"Church Street"," ","Church","Street"," ",0,203,0,228,"Sault Ste. Marie"
"Churchill Avenue"," ","Churchill","Avenue"," ",17,201,18,188,"Sault Ste. Marie"
"Churchill Boulevard"," ","Churchill","Boulevard"," ",0,41,2,150,"Sault Ste. Marie"
"Clearview Drive"," ","Clearview","Drive"," ",1,29,2,36,"Sault Ste. Marie"
"Clement Street"," ","Clement","Street"," ",13,17,8,16,"Sault Ste. Marie"
"Clergue Street"," ","Clergue","Street"," ",0,24,3,47,"Sault Ste. Marie"
"Cody Point Court",,"Cody Point","Court",,15,37,12,50,"Sault Ste. Marie"
"Coke Making Road",,"Coke Making","Road",,0,0,0,0,"Sault Ste. Marie"
"Cold Mill Road",,,,,0,0,0,0,"Sault Ste. Marie"
"Collins Avenue"," ","Collins","Avenue"," ",4,20,5,19,"Sault Ste. Marie"
"Conmee Avenue"," ","Conmee","Avenue"," ",0,305,0,316,"Sault Ste. Marie"
"Connaught Avenue"," ","Connaught","Avenue"," ",391,651,394,634,"Sault Ste. Marie"
"Connor Road"," ","Connor","Road"," ",80,452,0,0,"Sault Ste. Marie"
"Constellation Place"," ","Constellation","Place"," ",4,130,0,95,"Sault Ste. Marie"
"Cooper Street"," ","Cooper","Street"," ",525,861,514,872,"Sault Ste. Marie"
"Copernicus Drive"," ","Copernicus","Drive"," ",0,83,2,96,"Sault Ste. Marie"
"Corey Avenue"," ","Corey","Avenue"," ",26,116,35,115,"Sault Ste. Marie"
"Cornwall Street"," ","Cornwall","Street"," ",0,5,0,0,"Sault Ste. Marie"
"Coronation Street"," ","Coronation","Street"," ",0,15,0,0,"Sault Ste. Marie"
"Cottage Lane"," ","Cottage","Lane"," ",0,91,0,108,"Sault Ste. Marie"
"Coulson Avenue"," ","Coulson","Avenue"," ",1,75,2,76,"Sault Ste. Marie"
"Country Club Place"," ","Country Club","Place"," ",2,200,5,199,"Sault Ste. Marie"
"Courtney Crescent"," ","Courtney","Crescent"," ",351,381,358,398,"Sault Ste. Marie"
"Crawford Avenue"," ","Crawford","Avenue"," ",3,121,4,120,"Sault Ste. Marie"
"Creek Road"," ","Creek","Road"," ",29,255,26,370,"Sault Ste. Marie"
"Creekside Lane"," ","Creekside","Lane"," ",1,79,2,98,"Sault Ste. Marie"
"Creery Avenue"," ","Creery","Avenue"," ",8,124,3,125,"Sault Ste. Marie"
"Crestview Court"," ","Crestview","Court"," ",9,35,14,38,"Sault Ste. Marie"
"Crestwood Avenue",,"Crestwood","Avenue",,0,108,0,107,"Sault Ste. Marie"
"Crimson Ridge Drive",,"Crimson Ridge","Drive",,0,117,0,116,"Sault Ste. Marie"
"Crystal Place"," ","Crystal","Place"," ",12,38,13,33,"Sault Ste. Marie"
"Cumberland Avenue"," ","Cumberland","Avenue"," ",403,427,402,426,"Sault Ste. Marie"
"Cunningham Road"," ","Cunningham","Road"," ",2,152,1,151,"Sault Ste. Marie"
"Curran Drive"," ","Curran","Drive"," ",0,80,0,69,"Sault Ste. Marie"
"Dablon Street"," ","Dablon","Street"," ",0,71,0,78,"Sault Ste. Marie"
"Dacey Road"," ","Dacey","Road"," ",3,415,4,416,"Sault Ste. Marie"
"Dalgleish Road"," ","Dalgleish","Road"," ",9,195,10,194,"Sault Ste. Marie"
"Danby Road"," ","Danby","Road"," ",11,103,10,106,"Sault Ste. Marie"
"Dauphin Drive"," ","Dauphin","Drive"," ",4,76,1,79,"Sault Ste. Marie"
"Dawson Avenue"," ","Dawson","Avenue"," ",3,15,4,16,"Sault Ste. Marie"
"Dell Avenue"," ","Dell","Avenue"," ",51,171,50,170,"Sault Ste. Marie"
"Dennis Street"," ","Dennis","Street"," ",57,193,56,188,"Sault Ste. Marie"
"Denwood Drive"," ","Denwood","Drive"," ",107,225,108,224,"Sault Ste. Marie"
"Des Chenes Drive"," ","Des Chenes","Drive"," ",4,684,3,697,"Sault Ste. Marie"
"Devon Road"," ","Devon","Road"," ",0,429,0,430,"Sault Ste. Marie"
"DiTommaso Court"," ","DiTommaso","Court"," ",32,68,11,65,"Sault Ste. Marie"
"Diane Street"," ","Diane","Street"," ",7,17,10,16,"Sault Ste. Marie"
"Digby Crescent"," ","Digby","Crescent"," ",3,37,4,38,"Sault Ste. Marie"
"Doncaster Road"," ","Doncaster","Road"," ",219,467,224,472,"Sault Ste. Marie"
"Donna Drive"," ","Donna","Drive"," ",3,37,6,42,"Sault Ste. Marie"
"Douglas Street"," ","Douglas","Street"," ",0,719,284,720,"Sault Ste. Marie"
"Dovercourt Road"," ","Dovercourt","Road"," ",393,427,384,426,"Sault Ste. Marie"
"Dr. Roberta Bondar Parkway",,"Dr. Roberta Bondar","Parkway",,0,0,0,0,"Sault Ste. Marie"
"Drake Street"," ","Drake","Street"," ",1,141,0,88,"Sault Ste. Marie"
"Drive In Road"," ","Drive In","Road"," ",24,232,25,235,"Sault Ste. Marie"
"Dryden Avenue"," ","Dryden","Avenue"," ",257,355,254,358,"Sault Ste. Marie"
"Dufferin Street"," ","Dufferin","Street"," ",19,23,4,28,"Sault Ste. Marie"
"Dundas Street"," ","Dundas","Street"," ",531,565,528,570,"Sault Ste. Marie"
"Durban Road"," ","Durban","Road"," ",3,27,4,24,"Sault Ste. Marie"
"Dyment Street"," ","Dyment","Street"," ",707,773,712,774,"Sault Ste. Marie"
"Eagle Drive"," ","Eagle","Drive"," ",2,242,1,241,"Sault Ste. Marie"
"East Balfour Street","East","Balfour","Street"," ",0,338,0,321,"Sault Ste. Marie"
"East Braemar Bay","East","Braemar","Bay"," ",1,17,2,20,"Sault Ste. Marie"
"East Champagne Drive","East","Champagne","Drive"," ",3,143,4,140,"Sault Ste. Marie"
"East Dunrobin Bay","East","Dunrobin","Bay"," ",1,17,2,18,"Sault Ste. Marie"
"East Perth Bay","East","Perth","Bay"," ",3,39,4,38,"Sault Ste. Marie"
"East Street"," ","East","Street"," ",0,189,2,188,"Sault Ste. Marie"
"Eastern Avenue"," ","Eastern","Avenue"," ",8,374,1,375,"Sault Ste. Marie"
"Eastwood Street"," ","Eastwood","Street"," ",18,66,11,71,"Sault Ste. Marie"
"Eden Square"," ","Eden","Square"," ",0,34,0,31,"Sault Ste. Marie"
"Edinburgh Street"," ","Edinburgh","Street"," ",0,75,0,58,"Sault Ste. Marie"
"Edison Avenue"," ","Edison","Avenue"," ",11,59,14,62,"Sault Ste. Marie"
"Edmonds Avenue"," ","Edmonds","Avenue"," ",97,149,96,144,"Sault Ste. Marie"
"Edward Street"," ","Edward","Street"," ",0,0,5,25,"Sault Ste. Marie"
"Elaine Court"," ","Elaine","Court"," ",17,95,14,74,"Sault Ste. Marie"
"Elgin Street"," ","Elgin","Street"," ",61,189,62,186,"Sault Ste. Marie"
"Elizabeth Street"," ","Elizabeth","Street"," ",101,445,104,450,"Sault Ste. Marie"
"Elliott Road"," ","Elliott","Road"," ",15,117,22,104,"Sault Ste. Marie"
"Ellis Road"," ","Ellis","Road"," ",9,93,12,98,"Sault Ste. Marie"
"Elm Avenue"," ","Elm","Avenue"," ",0,53,12,56,"Sault Ste. Marie"
"Elmwood Avenue"," ","Elmwood","Avenue"," ",3,209,2,218,"Sault Ste. Marie"
"Erie Street"," ","Erie","Street"," ",13,145,14,92,"Sault Ste. Marie"
"Essex Lane"," ","Essex","Lane"," ",3,83,6,90,"Sault Ste. Marie"
"Estelle Street"," ","Estelle","Street"," ",7,163,8,164,"Sault Ste. Marie"
"Euclid Road"," ","Euclid","Road"," ",8,40,3,47,"Sault Ste. Marie"
"Everett Street"," ","Everett","Street"," ",290,364,291,365,"Sault Ste. Marie"
"Export Rock Road",,,,,0,0,0,0,"Sault Ste. Marie"
"Fairmount Drive"," ","Fairmount","Drive"," ",0,88,9,107,"Sault Ste. Marie"
"Fairview Avenue"," ","Fairview","Avenue"," ",0,51,0,50,"Sault Ste. Marie"
"Falldien Road"," ","Falldien","Road"," ",1,105,2,106,"Sault Ste. Marie"
"Farquhar Street"," ","Farquhar","Street"," ",76,218,79,225,"Sault Ste. Marie"
"Farwell Terrace"," ","Farwell","Terrace"," ",267,699,0,698,"Sault Ste. Marie"
"Fauquier Avenue"," ","Fauquier","Avenue"," ",0,95,0,100,"Sault Ste. Marie"
"Ferguson Avenue"," ","Ferguson","Avenue"," ",13,59,18,70,"Sault Ste. Marie"
"Ferris Avenue"," ","Ferris","Avenue"," ",9,31,2,34,"Sault Ste. Marie"
"Ficmar Drive",,"Ficmar","Drive",,2,2,1,1,"Sault Ste. Marie"
"Fields Square"," ","Fields","Square"," ",2,144,1,139,"Sault Ste. Marie"
"Fifth Avenue"," ","Fifth","Avenue"," ",279,365,276,352,"Sault Ste. Marie"
"Fifth Line East"," ","Fifth","Line","East",0,1300,0,1299,"Sault Ste. Marie"
"Fifth Line West"," ","Fifth","Line","West",0,0,4,200,"Sault Ste. Marie"
"Findlay Drive"," ","Findlay","Drive"," ",5,43,4,40,"Sault Ste. Marie"
"First Avenue"," ","First","Avenue"," ",275,505,278,500,"Sault Ste. Marie"
"Fish Hatchery Road"," ","Fish Hatchery","Road"," ",11,199,12,144,"Sault Ste. Marie"
"Fleming Drive",,,,,0,0,0,0,"Sault Ste. Marie"
"Florwin Drive"," ","Florwin","Drive"," ",1,163,2,162,"Sault Ste. Marie"
"Foothill Road"," ","Foothill","Road"," ",23,201,14,206,"Sault Ste. Marie"
"Ford Street"," ","Ford","Street"," ",2,58,1,59,"Sault Ste. Marie"
"Forest Avenue"," ","Forest","Avenue"," ",0,90,7,113,"Sault Ste. Marie"
"Fort Creek Drive"," ","Fort Creek","Drive"," ",0,175,0,172,"Sault Ste. Marie"
"Fort Creek Entrance",,"Fort Creek Entrance",,,0,0,0,0,"Sault Ste. Marie"
"Foster Drive"," ","Foster","Drive"," ",70,100,65,99,"Sault Ste. Marie"
"Fournier Road"," ","Fournier","Road"," ",32,146,21,149,"Sault Ste. Marie"
"Fourth Avenue"," ","Fourth","Avenue"," ",283,365,282,366,"Sault Ste. Marie"
"Fourth Line East"," ","Fourth","Line","East",4,1490,0,1377,"Sault Ste. Marie"
"Fourth Line West"," ","Fourth","Line","West",27,991,8,974,"Sault Ste. Marie"
"Foxborough Trail",,"Foxborough","Trail",,31,163,4,162,"Sault Ste. Marie"
"Francis Street"," ","Francis","Street"," ",0,65,0,68,"Sault Ste. Marie"
"Franklin Street"," ","Franklin","Street"," ",299,465,296,466,"Sault Ste. Marie"
"Front Street"," ","Front","Street"," ",0,0,0,0,"Sault Ste. Marie"
"Frontenac Street"," ","Frontenac","Street"," ",0,998,0,0,"Sault Ste. Marie"
"Gagnon Road South"," ","Gagnon","Road","South",1,505,2,402,"Sault Ste. Marie"
"Garbage Dump Road",,,,,0,0,0,0,"Sault Ste. Marie"
"Garden Avenue"," ","Garden","Avenue"," ",2,48,1,49,"Sault Ste. Marie"
"Garrison Way"," ","Garrison","Way"," ",0,0,0,0,"Sault Ste. Marie"
"Garth Street"," ","Garth","Street"," ",9,175,0,0,"Sault Ste. Marie"
"Gehrig Drive"," ","Gehrig","Drive"," ",2,64,1,65,"Sault Ste. Marie"
"George Lane"," ","George","Lane"," ",0,22,0,0,"Sault Ste. Marie"
"George Street North"," ","George","Street","North",184,188,0,0,"Sault Ste. Marie"
"George Street South"," ","George","Street","South",0,71,0,78,"Sault Ste. Marie"
"Georgina Street"," ","Georgina","Street"," ",30,38,31,39,"Sault Ste. Marie"
"Gibbs Street"," ","Gibbs","Street"," ",0,195,0,196,"Sault Ste. Marie"
"Gillies Street"," ","Gillies","Street"," ",295,365,296,368,"Sault Ste. Marie"
"Gladstone Avenue"," ","Gladstone","Avenue"," ",1,139,2,140,"Sault Ste. Marie"
"Gladwyn Road"," ","Gladwyn","Road"," ",0,0,11,11,"Sault Ste. Marie"
"Glasgow Avenue"," ","Glasgow","Avenue"," ",0,349,0,344,"Sault Ste. Marie"
"Glen Avenue"," ","Glen","Avenue"," ",35,247,32,246,"Sault Ste. Marie"
"Glengary Gate Crescent"," ","Glengary Gate","Crescent"," ",32,280,29,277,"Sault Ste. Marie"
"Glenholme Drive"," ","Glenholme","Drive"," ",39,101,32,104,"Sault Ste. Marie"
"Glenwood Avenue"," ","Glenwood","Avenue"," ",8,128,11,107,"Sault Ste. Marie"
"Gloucester Street"," ","Gloucester","Street"," ",205,247,216,236,"Sault Ste. Marie"
"Goetz Street"," ","Goetz","Street"," ",71,239,0,0,"Sault Ste. Marie"
"Golf Range Crescent"," ","Golf Range","Crescent"," ",5,105,6,98,"Sault Ste. Marie"
"Gordon Avenue"," ","Gordon","Avenue"," ",2,12,3,11,"Sault Ste. Marie"
"Gore Street"," ","Gore","Street"," ",0,187,0,188,"Sault Ste. Marie"
"Gouin Street"," ","Gouin","Street"," ",0,0,0,0,"Sault Ste. Marie"
"Goulais Avenue"," ","Goulais","Avenue"," ",0,1801,54,1882,"Sault Ste. Marie"
"Grace Street"," ","Grace","Street"," ",4,112,7,109,"Sault Ste. Marie"
"Grand Boulevard"," ","Grand","Boulevard"," ",15,299,0,288,"Sault Ste. Marie"
"Grandhaven Crescent"," ","Grandhaven","Crescent"," ",10,94,9,77,"Sault Ste. Marie"
"Grandmont Crescent"," ","Grandmont","Crescent"," ",8,92,11,111,"Sault Ste. Marie"
"Grandriver Crescent"," ","Grandriver","Crescent"," ",2,120,9,129,"Sault Ste. Marie"
"Grandview Avenue"," ","Grandview","Avenue"," ",0,81,0,72,"Sault Ste. Marie"
"Grandville Crescent"," ","Grandville","Crescent"," ",12,90,7,93,"Sault Ste. Marie"
"Grandy Road"," ","Grandy","Road"," ",4,24,3,25,"Sault Ste. Marie"
"Grangemill Road"," ","Grangemill","Road"," ",4,14,11,19,"Sault Ste. Marie"
"Granite Street"," ","Granite","Street"," ",5,35,6,48,"Sault Ste. Marie"
"Granulator Road",,,,,0,0,0,0,"Sault Ste. Marie"
"Gravelle Street"," ","Gravelle","Street"," ",1,111,0,108,"Sault Ste. Marie"
"Great Northern Road"," ","Great Northern","Road"," ",1,2687,8,2752,"Sault Ste. Marie"
"Greene Street"," ","Greene","Street"," ",0,106,0,107,"Sault Ste. Marie"
"Greenfield Drive"," ","Greenfield","Drive"," ",35,219,32,220,"Sault Ste. Marie"
"Greenview Court"," ","Greenview","Court"," ",0,130,125,141,"Sault Ste. Marie"
"Greenview Lane"," ","Greenview","Lane"," ",20,126,5,123,"Sault Ste. Marie"
"Griffon Street"," ","Griffon","Street"," ",7,39,8,32,"Sault Ste. Marie"
"Grosvenor Avenue"," ","Grosvenor","Avenue"," ",0,134,1,145,"Sault Ste. Marie"
"Grove Crescent"," ","Grove","Crescent"," ",2,82,1,79,"Sault Ste. Marie"
"HLT Scale Road",,,,,0,0,0,0,"Sault Ste. Marie"
"Hadley Park"," ","Hadley","Park"," ",64,88,65,89,"Sault Ste. Marie"
"Haldimand Court",,"Haldimand","Court",,0,0,0,0,"Sault Ste. Marie"
"Hamilton Avenue"," ","Hamilton","Avenue"," ",3,75,10,82,"Sault Ste. Marie"
"Hampton Road"," ","Hampton","Road"," ",229,305,226,312,"Sault Ste. Marie"
"Hardiman Avenue"," ","Hardiman","Avenue"," ",20,36,21,37,"Sault Ste. Marie"
"Hardwood Street"," ","Hardwood","Street"," ",2,134,7,133,"Sault Ste. Marie"
"Hare Avenue"," ","Hare","Avenue"," ",15,81,8,78,"Sault Ste. Marie"
"Hargreaves Avenue"," ","Hargreaves","Avenue"," ",33,53,48,48,"Sault Ste. Marie"
"Harriet Street"," ","Harriet","Street"," ",19,35,0,0,"Sault Ste. Marie"
"Harris Street"," ","Harris","Street"," ",31,103,32,104,"Sault Ste. Marie"
"Harry Street"," ","Harry","Street"," ",11,11,0,0,"Sault Ste. Marie"
"Harten Street"," ","Harten","Street"," ",50,98,51,99,"Sault Ste. Marie"
"Haviland Crescent"," ","Haviland","Crescent"," ",4,24,3,27,"Sault Ste. Marie"
"Hawthorne Avenue"," ","Hawthorne","Avenue"," ",4,48,23,49,"Sault Ste. Marie"
"Headway Street"," ","Headway","Street"," ",0,0,0,0,"Sault Ste. Marie"
"Healy Street"," ","Healy","Street"," ",2,42,3,41,"Sault Ste. Marie"
"Hearst Street"," ","Hearst","Street"," ",8,48,7,47,"Sault Ste. Marie"
"Heat Treat Road",,,,,0,0,0,0,"Sault Ste. Marie"
"Heath Road"," ","Heath","Road"," ",3,111,2,102,"Sault Ste. Marie"
"Heavenor Street"," ","Heavenor","Street"," ",116,128,117,149,"Sault Ste. Marie"
"Henrietta Avenue"," ","Henrietta","Avenue"," ",1,193,4,190,"Sault Ste. Marie"
"Henry Street"," ","Henry","Street"," ",0,467,366,476,"Sault Ste. Marie"
"Herbert Street"," ","Herbert","Street"," ",4,48,3,47,"Sault Ste. Marie"
"Herkimer Street"," ","Herkimer","Street"," ",0,1667,0,1652,"Sault Ste. Marie"
"Herrick Street"," ","Herrick","Street"," ",2,74,1,75,"Sault Ste. Marie"
"Hess Street",,"Hess","Street",,13,91,18,138,"Sault Ste. Marie"
"Highcrest Street"," ","Highcrest","Street"," ",1,61,10,50,"Sault Ste. Marie"
"Highland Court"," ","Highland","Court"," ",0,31,0,0,"Sault Ste. Marie"
"Highway 17 East",,"Highway 17",,"East",0,0,0,0,"Sault Ste. Marie"
"Hill Street"," ","Hill","Street"," ",1,59,2,50,"Sault Ste. Marie"
"Hillside Drive"," ","Hillside","Drive"," ",0,97,0,106,"Sault Ste. Marie"
"Hocking Avenue"," ","Hocking","Avenue"," ",20,64,21,65,"Sault Ste. Marie"
"Holden Street"," ","Holden","Street"," ",11,31,10,30,"Sault Ste. Marie"
"Home Depot Entrance",,"Home Depot Entrance",,,0,0,0,0,"Sault Ste. Marie"
"Hood Street"," ","Hood","Street"," ",92,130,45,131,"Sault Ste. Marie"
"Hospital Access",,"Hospital Access",,,0,0,0,0,"Sault Ste. Marie"
"Hudson Street"," ","Hudson","Street"," ",0,189,0,242,"Sault Ste. Marie"
"Hughes Street"," ","Hughes","Street"," ",11,41,16,30,"Sault Ste. Marie"
"Hugill Street"," ","Hugill","Street"," ",1,225,2,232,"Sault Ste. Marie"
"Huntington Park"," ","Huntington","Park"," ",0,87,0,104,"Sault Ste. Marie"
"Huron Street"," ","Huron","Street"," ",0,351,0,314,"Sault Ste. Marie"
"Hussey Street"," ","Hussey","Street"," ",8,72,9,73,"Sault Ste. Marie"
"Hynes Street"," ","Hynes","Street"," ",21,89,20,88,"Sault Ste. Marie"
"Idaho Drive"," ","Idaho","Drive"," ",7,79,4,82,"Sault Ste. Marie"
"Illinois Avenue"," ","Illinois","Avenue"," ",0,44,7,59,"Sault Ste. Marie"
"Indiana Drive"," ","Indiana","Drive"," ",23,131,20,132,"Sault Ste. Marie"
"Industrial Court A"," ","Industrial","Court","A",10,142,0,0,"Sault Ste. Marie"
"Industrial Court B"," ","Industrial","Court","B",5,185,0,0,"Sault Ste. Marie"
"Industrial Park Crescent"," ","Industrial Park","Crescent"," ",41,495,48,500,"Sault Ste. Marie"
"International Bridge"," ","International Bridge"," "," ",0,0,0,0,"Sault Ste. Marie"
"Irwin Avenue"," ","Irwin","Avenue"," ",4,108,5,109,"Sault Ste. Marie"
"James Street"," ","James","Street"," ",41,193,42,196,"Sault Ste. Marie"
"Jean Avenue"," ","Jean","Avenue"," ",0,114,15,101,"Sault Ste. Marie"
"Jefferson Avenue",,"Jefferson","Avenue",,0,0,46,52,"Sault Ste. Marie"
"Jemmette Street"," ","Jemmette","Street"," ",7,65,2,64,"Sault Ste. Marie"
"Joel Court"," ","Joel","Court"," ",11,107,16,98,"Sault Ste. Marie"
"John Street"," ","John","Street"," ",115,673,0,680,"Sault Ste. Marie"
"Johnson Avenue"," ","Johnson","Avenue"," ",0,199,14,180,"Sault Ste. Marie"
"Joseph Street"," ","Joseph","Street"," ",1,11,2,12,"Sault Ste. Marie"
"Kehoe Avenue"," ","Kehoe","Avenue"," ",0,0,0,164,"Sault Ste. Marie"
"Ken Danby Way"," ","Ken Danby","Way"," ",0,0,0,0,"Sault Ste. Marie"
"Kensington Terrace"," ","Kensington","Terrace"," ",2,16,1,15,"Sault Ste. Marie"
"Kent Avenue"," ","Kent","Avenue"," ",30,78,13,77,"Sault Ste. Marie"
"Kent Crescent"," ","Kent","Crescent"," ",1,43,0,20,"Sault Ste. Marie"
"Kerr Drive"," ","Kerr","Drive"," ",0,137,6,178,"Sault Ste. Marie"
"Keys Street",,"Keys","Street",,9,21,8,8,"Sault Ste. Marie"
"Killarney Road"," ","Killarney","Road"," ",24,174,21,173,"Sault Ste. Marie"
"King Street"," ","King","Street"," ",4,58,5,57,"Sault Ste. Marie"
"Kingsford Road"," ","Kingsford","Road"," ",235,329,236,342,"Sault Ste. Marie"
"Kingsmount Boulevard"," ","Kingsmount","Boulevard"," ",5,53,0,56,"Sault Ste. Marie"
"Kitchener Road"," ","Kitchener","Road"," ",15,79,18,66,"Sault Ste. Marie"
"Knox Avenue"," ","Knox","Avenue"," ",1,101,2,106,"Sault Ste. Marie"
"Kohler Street"," ","Kohler","Street"," ",111,199,108,198,"Sault Ste. Marie"
"Konkin Avenue",,"Konkin","Avenue",,10,54,1,53,"Sault Ste. Marie"
"Koprash Court"," ","Koprash","Court"," ",7,83,6,84,"Sault Ste. Marie"
"Korah Road"," ","Korah","Road"," ",271,1541,0,1540,"Sault Ste. Marie"
"Kress Cross-over Road",,,,,0,0,0,0,"Sault Ste. Marie"
"La Chaumiere Place"," ","La Chaumiere","Place"," ",2,24,1,25,"Sault Ste. Marie"
"LaBelle Avenue"," ","LaBelle","Avenue"," ",9,41,4,44,"Sault Ste. Marie"
"LaRonde Avenue"," ","LaRonde","Avenue"," ",13,170,12,187,"Sault Ste. Marie"
"LaSalle Court"," ","LaSalle","Court"," ",5,171,12,172,"Sault Ste. Marie"
"Laird Street"," ","Laird","Street"," ",9,39,12,44,"Sault Ste. Marie"
"Lake Street"," ","Lake","Street"," ",0,1119,0,1120,"Sault Ste. Marie"
"Lamming Avenue"," ","Lamming","Avenue"," ",11,31,2,28,"Sault Ste. Marie"
"Lamvil Court",,"Lamvil","Court",,5,23,6,24,"Sault Ste. Marie"
"Landslide Road"," ","Landslide","Road"," ",1,1017,2,1018,"Sault Ste. Marie"
"Lang Court",,"Lang","Court",,0,0,4,24,"Sault Ste. Marie"
"Langdon Crescent"," ","Langdon","Crescent"," ",5,41,0,14,"Sault Ste. Marie"
"Langdon Road"," ","Langdon","Road"," ",211,439,212,436,"Sault Ste. Marie"
"Lansdowne Avenue"," ","Lansdowne","Avenue"," ",5,125,4,128,"Sault Ste. Marie"
"Laura Street"," ","Laura","Street"," ",29,159,28,174,"Sault Ste. Marie"
"Laurentian Drive"," ","Laurentian","Drive"," ",18,76,15,77,"Sault Ste. Marie"
"Laurier Avenue"," ","Laurier","Avenue"," ",259,441,260,436,"Sault Ste. Marie"
"Laurier Place"," ","Laurier","Place"," ",15,15,12,20,"Sault Ste. Marie"
"Lawson Avenue"," ","Lawson","Avenue"," ",20,100,19,99,"Sault Ste. Marie"
"Leigh's Bay Road"," ","Leigh's Bay","Road"," ",251,1585,250,1586,"Sault Ste. Marie"
"Lennox Avenue"," ","Lennox","Avenue"," ",599,747,616,742,"Sault Ste. Marie"
"Leo Avenue"," ","Leo","Avenue"," ",111,153,110,154,"Sault Ste. Marie"
"Leslie Street"," ","Leslie","Street"," ",151,171,124,174,"Sault Ste. Marie"
"Letcher Street"," ","Letcher","Street"," ",67,239,72,254,"Sault Ste. Marie"
"Lethbridge Street"," ","Lethbridge","Street"," ",3,15,2,12,"Sault Ste. Marie"
"Lewis Road"," ","Lewis","Road"," ",1,139,2,138,"Sault Ste. Marie"
"Lidstone Street"," ","Lidstone","Street"," ",9,25,10,26,"Sault Ste. Marie"
"Lime Plant Road",,,,,0,0,0,0,"Sault Ste. Marie"
"Linda Road",,"Linda","Road",,0,0,0,0,"Sault Ste. Marie"
"Linstedt Street"," ","Linstedt","Street"," ",17,77,10,78,"Sault Ste. Marie"
"Lloyd Street"," ","Lloyd","Street"," ",19,39,6,48,"Sault Ste. Marie"
"London Street"," ","London","Street"," ",48,120,17,87,"Sault Ste. Marie"
"Lorna Drive"," ","Lorna","Drive"," ",1,121,0,110,"Sault Ste. Marie"
"Lorraine Avenue"," ","Lorraine","Avenue"," ",12,24,3,31,"Sault Ste. Marie"
"Lothian Avenue"," ","Lothian","Avenue"," ",20,36,21,35,"Sault Ste. Marie"
"Louise Avenue"," ","Louise","Avenue"," ",32,192,29,203,"Sault Ste. Marie"
"Lucy Terrace"," ","Lucy","Terrace"," ",0,0,0,0,"Sault Ste. Marie"
"Lukenda Drive",,"Lukenda","Drive",,0,0,0,0,"Sault Ste. Marie"
"Lynn Road"," ","Lynn","Road"," ",0,0,4,12,"Sault Ste. Marie"
"Lyons Avenue"," ","Lyons","Avenue"," ",0,0,0,0,"Sault Ste. Marie"
"MacDonald Avenue"," ","MacDonald","Avenue"," ",0,750,0,749,"Sault Ste. Marie"
"MacMurray Avenue"," ","MacMurray","Avenue"," ",8,122,7,121,"Sault Ste. Marie"
"Machine Shop Road",,"Machine Shop","Road",,0,0,0,0,"Sault Ste. Marie"
"Macnamara Drive"," ","Macnamara","Drive"," ",8,12,7,11,"Sault Ste. Marie"
"Madeleine Street"," ","Madeleine","Street"," ",60,100,0,87,"Sault Ste. Marie"
"Madison Avenue",,"Madison","Avenue",,0,30,0,31,"Sault Ste. Marie"
"Maki Road"," ","Maki","Road"," ",0,822,32,1868,"Sault Ste. Marie"
"Malabar Drive"," ","Malabar","Drive"," ",20,180,13,177,"Sault Ste. Marie"
"Mall Entrance"," ","Mall Entrance",," ",0,0,0,0,"Sault Ste. Marie"
"Manilla Terrace"," ","Manilla","Terrace"," ",21,35,16,56,"Sault Ste. Marie"
"Manitou Drive"," ","Manitou","Drive"," ",3,207,2,204,"Sault Ste. Marie"
"Manor Road"," ","Manor","Road"," ",10,20,0,0,"Sault Ste. Marie"
"Maple Street"," ","Maple","Street"," ",5,201,12,184,"Sault Ste. Marie"
"March Street"," ","March","Street"," ",0,189,60,188,"Sault Ste. Marie"
"Marconi Street"," ","Marconi","Street"," ",70,122,71,123,"Sault Ste. Marie"
"Maretta Street"," ","Maretta","Street"," ",295,367,296,368,"Sault Ste. Marie"
"Margaret Street"," ","Margaret","Street"," ",10,68,9,69,"Sault Ste. Marie"
"Mark Street"," ","Mark","Street"," ",50,250,0,189,"Sault Ste. Marie"
"Market Street"," ","Market","Street"," ",8,107,5,104,"Sault Ste. Marie"
"Marsh Street"," ","Marsh","Street"," ",0,33,0,38,"Sault Ste. Marie"
"Martingale Court",,"Martingale","Court",,4,24,7,19,"Sault Ste. Marie"
"Marwayne Avenue"," ","Marwayne","Avenue"," ",0,110,0,0,"Sault Ste. Marie"
"Mary Avenue"," ","Mary","Avenue"," ",1,31,2,46,"Sault Ste. Marie"
"Maxanne Crescent"," ","Maxanne","Crescent"," ",1,1,2,2,"Sault Ste. Marie"
"Mayfair Avenue"," ","Mayfair","Avenue"," ",5,13,8,8,"Sault Ste. Marie"
"McAllen Street"," ","McAllen","Street"," ",681,855,0,774,"Sault Ste. Marie"
"McCrea Street"," ","McCrea","Street"," ",15,85,14,80,"Sault Ste. Marie"
"McCulloch Street"," ","McCulloch","Street"," ",0,95,0,0,"Sault Ste. Marie"
"McDougald Street"," ","McDougald","Street"," ",161,179,160,178,"Sault Ste. Marie"
"McFadden Avenue"," ","McFadden","Avenue"," ",101,163,102,158,"Sault Ste. Marie"
"McGregor Avenue"," ","McGregor","Avenue"," ",1,309,2,312,"Sault Ste. Marie"
"McKenzie Avenue"," ","McKenzie","Avenue"," ",697,741,696,740,"Sault Ste. Marie"
"McLean Court"," ","McLean","Court"," ",0,0,0,0,"Sault Ste. Marie"
"McMeeken Street"," ","McMeeken","Street"," ",0,222,15,223,"Sault Ste. Marie"
"McNabb Street"," ","McNabb","Street"," ",0,1114,0,1101,"Sault Ste. Marie"
"McNeice Street"," ","McNeice","Street"," ",0,110,5,125,"Sault Ste. Marie"
"McPhail Avenue"," ","McPhail","Avenue"," ",4,18,1,13,"Sault Ste. Marie"
"McQueen Road"," ","McQueen","Road"," ",19,201,14,194,"Sault Ste. Marie"
"Meadow Lane"," ","Meadow","Lane"," ",8,24,3,23,"Sault Ste. Marie"
"Meadow Park Crescent"," ","Meadow Park","Crescent"," ",55,231,48,232,"Sault Ste. Marie"
"Megginson Drive"," ","Megginson","Drive"," ",2,94,5,85,"Sault Ste. Marie"
"Melrose Avenue"," ","Melrose","Avenue"," ",59,89,46,46,"Sault Ste. Marie"
"Melville Road"," ","Melville","Road"," ",21,119,18,118,"Sault Ste. Marie"
"Metzger Street"," ","Metzger","Street"," ",681,775,682,774,"Sault Ste. Marie"
"Millcreek Drive"," ","Millcreek","Drive"," ",0,324,0,321,"Sault Ste. Marie"
"Millennium Court"," ","Millennium","Court"," ",2005,2037,2008,2036,"Sault Ste. Marie"
"Millstream Drive",,"Millstream","Drive",,5,33,2,58,"Sault Ste. Marie"
"Millwood Street"," ","Millwood","Street"," ",1,71,2,66,"Sault Ste. Marie"
"Moluch Street"," ","Moluch","Street"," ",5,129,6,134,"Sault Ste. Marie"
"Montcalm Road"," ","Montcalm","Road"," ",12,30,11,29,"Sault Ste. Marie"
"Montgomery Avenue"," ","Montgomery","Avenue"," ",6,40,3,39,"Sault Ste. Marie"
"Moody Street"," ","Moody","Street"," ",295,475,296,466,"Sault Ste. Marie"
"Morgan Court",,"Morgan","Court",,4,28,3,23,"Sault Ste. Marie"
"Morin Street"," ","Morin","Street"," ",337,603,346,550,"Sault Ste. Marie"
"Morrison Avenue"," ","Morrison","Avenue"," ",530,580,0,583,"Sault Ste. Marie"
"Moss Road"," ","Moss","Road"," ",27,599,2,596,"Sault Ste. Marie"
"Mount Pleasant Court"," ","Mount Pleasant","Court"," ",43,79,48,72,"Sault Ste. Marie"
"Muriel Drive"," ","Muriel","Drive"," ",1,91,2,90,"Sault Ste. Marie"
"Murphy Street"," ","Murphy","Street"," ",7,145,6,144,"Sault Ste. Marie"
"Murray Street"," ","Murray","Street"," ",0,0,10,10,"Sault Ste. Marie"
"Murton Avenue"," ","Murton","Avenue"," ",12,84,15,87,"Sault Ste. Marie"
"Nelson Street"," ","Nelson","Street"," ",475,549,482,550,"Sault Ste. Marie"
"Nettleton Street"," ","Nettleton","Street"," ",0,0,0,0,"Sault Ste. Marie"
"Newcastle Drive"," ","Newcastle","Drive"," ",0,17,0,18,"Sault Ste. Marie"
"Niagara Drive"," ","Niagara","Drive"," ",12,92,11,93,"Sault Ste. Marie"
"Nichol Avenue"," ","Nichol","Avenue"," ",3,89,4,86,"Sault Ste. Marie"
"Nicolas Avenue"," ","Nicolas","Avenue"," ",11,83,10,96,"Sault Ste. Marie"
"Nino Drive"," ","Nino","Drive"," ",51,119,50,118,"Sault Ste. Marie"
"Nixon Road"," ","Nixon","Road"," ",263,461,264,444,"Sault Ste. Marie"
"Noah Drive",,"Noah","Drive",,4,4,3,3,"Sault Ste. Marie"
"Nokomis Beach Road"," ","Nokomis Beach","Road"," ",9,217,110,214,"Sault Ste. Marie"
"Norden Crescent"," ","Norden","Crescent"," ",16,158,17,155,"Sault Ste. Marie"
"North Eden Street","North","Eden","Street"," ",7,63,0,48,"Sault Ste. Marie"
"North Rail Mill Road",,,,,0,0,0,0,"Sault Ste. Marie"
"North Street"," ","North","Street"," ",0,1031,0,1052,"Sault Ste. Marie"
"Northern Avenue East"," ","Northern","Avenue","East",10,650,5,657,"Sault Ste. Marie"
"Northern Avenue West"," ","Northern","Avenue","West",3,43,4,38,"Sault Ste. Marie"
"Northland Road"," ","Northland","Road"," ",311,591,314,594,"Sault Ste. Marie"
"Northridge Road"," ","Northridge","Road"," ",9,79,2,82,"Sault Ste. Marie"
"Northwood Street"," ","Northwood","Street"," ",6,96,17,103,"Sault Ste. Marie"
"O'Brien Lane",,"O'Brien","Lane",,0,0,0,0,"Sault Ste. Marie"
"Oak Park Crescent"," ","Oak Park","Crescent"," ",0,35,2,74,"Sault Ste. Marie"
"Oakbine Avenue"," ","Oakbine","Avenue"," ",20,36,21,35,"Sault Ste. Marie"
"Oakland Avenue"," ","Oakland","Avenue"," ",2,30,1,193,"Sault Ste. Marie"
"Oakwood Drive"," ","Oakwood","Drive"," ",0,68,0,81,"Sault Ste. Marie"
"Ohio Drive"," ","Ohio","Drive"," ",2,36,0,38,"Sault Ste. Marie"
"Old Garden River Road"," ","Old Garden River","Road"," ",40,1500,0,1535,"Sault Ste. Marie"
"Old Goulais Bay Road"," ","Old Goulais Bay","Road"," ",0,1277,0,1208,"Sault Ste. Marie"
"Old Highway 17 North"," ","Old Highway 17"," ","North",0,246,0,201,"Sault Ste. Marie"
"Old Trout Lake Road",,"Old Trout Lake","Road",,1,347,2,346,"Sault Ste. Marie"
"Ontario Avenue"," ","Ontario","Avenue"," ",0,120,1,119,"Sault Ste. Marie"
"Ore Dock Road",,"Ore Dock","Road",,0,0,0,0,"Sault Ste. Marie"
"Oregon Road"," ","Oregon","Road"," ",19,71,24,66,"Sault Ste. Marie"
"Oriole Street"," ","Oriole","Street"," ",3,5,40,40,"Sault Ste. Marie"
"Orion Street"," ","Orion","Street"," ",7,29,8,32,"Sault Ste. Marie"
"Oryme Avenue"," ","Oryme","Avenue"," ",16,124,11,123,"Sault Ste. Marie"
"Oxford Street"," ","Oxford","Street"," ",12,16,5,9,"Sault Ste. Marie"
"Pageant Drive"," ","Pageant","Drive"," ",29,187,34,190,"Sault Ste. Marie"
"Palace Drive"," ","Palace","Drive"," ",1,201,6,184,"Sault Ste. Marie"
"Paladin Avenue"," ","Paladin","Avenue"," ",4,98,5,99,"Sault Ste. Marie"
"Palomino Drive"," ","Palomino","Drive"," ",5,165,4,164,"Sault Ste. Marie"
"Panoramic Drive"," ","Panoramic","Drive"," ",7,217,18,214,"Sault Ste. Marie"
"Par Avenue"," ","Par","Avenue"," ",4,16,5,21,"Sault Ste. Marie"
"Paradee Avenue",,"Paradee","Avenue",,37,37,38,38,"Sault Ste. Marie"
"Paradise Avenue"," ","Paradise","Avenue"," ",15,93,24,86,"Sault Ste. Marie"
"Parasol Crescent"," ","Parasol","Crescent"," ",0,0,17,51,"Sault Ste. Marie"
"Pardee Avenue"," ","Pardee","Avenue"," ",19,139,16,140,"Sault Ste. Marie"
"Park Entrance",,"Park Entrance",,,0,0,0,0,"Sault Ste. Marie"
"Park Place Court"," ","Park Place","Court"," ",6,60,0,0,"Sault Ste. Marie"
"Park Place Drive"," ","Park Place","Drive"," ",62,80,9,57,"Sault Ste. Marie"
"Park Street"," ","Park","Street"," ",4,94,11,77,"Sault Ste. Marie"
"Parkdale Drive"," ","Parkdale","Drive"," ",3,135,4,124,"Sault Ste. Marie"
"Parkelane Court"," ","Parkelane","Court"," ",20,24,15,19,"Sault Ste. Marie"
"Parker Avenue"," ","Parker","Avenue"," ",4,54,9,51,"Sault Ste. Marie"
"Parkewood Drive"," ","Parkewood","Drive"," ",5,113,10,114,"Sault Ste. Marie"
"Parkinworth Place"," ","Parkinworth","Place"," ",3,121,28,106,"Sault Ste. Marie"
"Parkland Crescent"," ","Parkland","Crescent"," ",117,341,116,330,"Sault Ste. Marie"
"Parkshore Court"," ","Parkshore","Court"," ",0,0,0,40,"Sault Ste. Marie"
"Parkshore Drive"," ","Parkshore","Drive"," ",7,123,4,116,"Sault Ste. Marie"
"Parkview Court"," ","Parkview","Court"," ",8,84,7,123,"Sault Ste. Marie"
"Parliament Street"," ","Parliament","Street"," ",429,593,414,592,"Sault Ste. Marie"
"Partridge Court"," ","Partridge","Court"," ",7,55,4,52,"Sault Ste. Marie"
"Passmore Road"," ","Passmore","Road"," ",15,63,14,64,"Sault Ste. Marie"
"Patricia Avenue"," ","Patricia","Avenue"," ",103,111,98,114,"Sault Ste. Marie"
"Patrick Street"," ","Patrick","Street"," ",0,391,0,368,"Sault Ste. Marie"
"Pawating Place",,"Pawating","Place"," ",2,52,3,98,"Sault Ste. Marie"
"Peach Drive"," ","Peach","Drive"," ",15,95,14,96,"Sault Ste. Marie"
"Peacock Crescent"," ","Peacock","Crescent"," ",0,0,17,53,"Sault Ste. Marie"
"Pee Wee Entrance",,"Pee Wee Entrance",,,0,0,0,0,"Sault Ste. Marie"
"Peer Street",,"Peer","Street",,0,0,0,0,"Sault Ste. Marie"
"Pelican Drive"," ","Pelican","Drive"," ",13,65,14,60,"Sault Ste. Marie"
"Penno Road"," ","Penno","Road"," ",7,55,6,60,"Sault Ste. Marie"
"Pentagon Boulevard"," ","Pentagon","Boulevard"," ",9,237,10,228,"Sault Ste. Marie"
"Peoples Road"," ","Peoples","Road"," ",0,1965,0,2028,"Sault Ste. Marie"
"Pilgrim Street"," ","Pilgrim","Street"," ",55,225,56,224,"Sault Ste. Marie"
"Pim Street"," ","Pim","Street"," ",1,489,2,488,"Sault Ste. Marie"
"Pine Shore Drive"," ","Pine Shore","Drive"," ",257,395,258,398,"Sault Ste. Marie"
"Pine Street"," ","Pine","Street"," ",1,1153,0,1018,"Sault Ste. Marie"
"Pinemore Boulevard"," ","Pinemore","Boulevard"," ",1,55,2,54,"Sault Ste. Marie"
"Pinto Drive"," ","Pinto","Drive"," ",45,111,48,104,"Sault Ste. Marie"
"Pittsburgh Avenue"," ","Pittsburgh","Avenue"," ",61,347,82,340,"Sault Ste. Marie"
"Placid Avenue"," ","Placid","Avenue"," ",486,648,489,641,"Sault Ste. Marie"
"Plaintree Drive"," ","Plaintree","Drive"," ",13,199,14,178,"Sault Ste. Marie"
"Plate Mill Bays Road",,,,,0,0,0,0,"Sault Ste. Marie"
"Plate Mill Road North",,"Plate Mill","Road","North",0,0,0,0,"Sault Ste. Marie"
"Plaza Entrance",,"Plaza Entrance",,,0,0,0,0,"Sault Ste. Marie"
"Pleasant Drive"," ","Pleasant","Drive"," ",15,165,0,150,"Sault Ste. Marie"
"Plummer Court"," ","Plummer","Court"," ",3,35,4,32,"Sault Ste. Marie"
"Pointe Aux Pins Drive"," ","Pointe Aux Pins","Drive"," ",4,486,5,487,"Sault Ste. Marie"
"Pointe Des Chenes Crescent"," ","Pointe Des Chenes","Crescent"," ",0,340,0,343,"Sault Ste. Marie"
"Pointe Louise Drive"," ","Pointe Louise","Drive"," ",104,300,87,305,"Sault Ste. Marie"
"Pond Street"," ","Pond","Street"," ",1,1,4,28,"Sault Ste. Marie"
"Poplar Avenue"," ","Poplar","Avenue"," ",1,253,4,240,"Sault Ste. Marie"
"Portage Lane"," ","Portage","Lane"," ",595,697,610,680,"Sault Ste. Marie"
"Pot Hauler Road",,"Pot Hauler","Road",,0,0,0,0,"Sault Ste. Marie"
"Powley Road"," ","Powley","Road"," ",4,48,3,49,"Sault Ste. Marie"
"Pozzebon Crescent"," ","Pozzebon","Crescent"," ",5,137,10,140,"Sault Ste. Marie"
"Prentice Avenue"," ","Prentice","Avenue"," ",0,339,0,344,"Sault Ste. Marie"
"Pretoria Hill"," ","Pretoria Hill"," "," ",3,23,6,24,"Sault Ste. Marie"
"Primrose Drive"," ","Primrose","Drive"," ",15,125,12,130,"Sault Ste. Marie"
"Prince Charles Crescent"," ","Prince Charles","Crescent"," ",3,113,4,108,"Sault Ste. Marie"
"Princess Crescent"," ","Princess","Crescent"," ",1,151,10,150,"Sault Ste. Marie"
"Princeton Drive"," ","Princeton","Drive"," ",14,190,15,189,"Sault Ste. Marie"
"Private",,"Private",,,0,0,0,0,"Sault Ste. Marie"
"Promenade Drive"," ","Promenade","Drive"," ",29,227,34,228,"Sault Ste. Marie"
"Putney Road"," ","Putney","Road"," ",5,29,12,28,"Sault Ste. Marie"
"Queen Street East"," ","Queen","Street","East",0,4222,0,4231,"Sault Ste. Marie"
"Queen Street West"," ","Queen","Street","West",0,677,0,684,"Sault Ste. Marie"
"Queensgate Boulevard"," ","Queensgate","Boulevard"," ",3,179,4,198,"Sault Ste. Marie"
"Railroad Avenue"," ","Railroad","Avenue"," ",0,89,0,120,"Sault Ste. Marie"
"Ranger Street"," ","Ranger","Street"," ",0,0,0,0,"Sault Ste. Marie"
"Rankin Road"," ","Rankin","Road"," ",104,156,105,155,"Sault Ste. Marie"
"Ransome Drive"," ","Ransome","Drive"," ",15,115,2,112,"Sault Ste. Marie"
"Ravina Street"," ","Ravina","Street"," ",1,37,8,28,"Sault Ste. Marie"
"Raymond Street"," ","Raymond","Street"," ",5,57,2,56,"Sault Ste. Marie"
"Red Pine Drive",,"Red Pine","Drive",,0,0,432,686,"Sault Ste. Marie"
"Red Rock Road"," ","Red Rock","Road"," ",0,0,0,0,"Sault Ste. Marie"
"Reid Street"," ","Reid","Street"," ",41,309,44,314,"Sault Ste. Marie"
"Residential Access",,"Residential Access",,,0,0,0,0,"Sault Ste. Marie"
"Retta Street"," ","Retta","Street"," ",11,103,12,100,"Sault Ste. Marie"
"Rex Avenue"," ","Rex","Avenue"," ",0,44,0,45,"Sault Ste. Marie"
"Richmond Place"," ","Richmond","Place"," ",0,0,11,81,"Sault Ste. Marie"
"River Front Road",,,,,0,0,0,0,"Sault Ste. Marie"
"River Road"," ","River","Road"," ",0,866,0,867,"Sault Ste. Marie"
"River Road A.S.",,"River Road A.S.","Road",,0,0,0,0,"Sault Ste. Marie"
"Riverin Avenue"," ","Riverin","Avenue"," ",8,52,21,29,"Sault Ste. Marie"
"Riverside Drive"," ","Riverside","Drive"," ",2,72,1,71,"Sault Ste. Marie"
"Riverview Avenue"," ","Riverview","Avenue"," ",1,69,2,68,"Sault Ste. Marie"
"Ro Von Court"," ","Ro Von","Court"," ",0,0,0,0,"Sault Ste. Marie"
"Robin Street"," ","Robin","Street"," ",10,116,11,119,"Sault Ste. Marie"
"Rockport Road"," ","Rockport","Road"," ",3,9,4,10,"Sault Ste. Marie"
"Roll Scale Road",,,,,0,0,0,0,"Sault Ste. Marie"
"Rome Street",,"Rome","Street",,21,25,0,0,"Sault Ste. Marie"
"Ron Francis Way"," ","Ron Francis","Way"," ",0,0,0,0,"Sault Ste. Marie"
"Roosevelt Avenue"," ","Roosevelt","Avenue"," ",107,193,102,194,"Sault Ste. Marie"
"Rosedale Place"," ","Rosedale","Place"," ",0,33,0,26,"Sault Ste. Marie"
"Rosita Street"," ","Rosita","Street"," ",27,35,26,58,"Sault Ste. Marie"
"Ross Street"," ","Ross","Street"," ",28,60,11,59,"Sault Ste. Marie"
"Rossmore Road"," ","Rossmore","Road"," ",0,366,108,376,"Sault Ste. Marie"
"Rotary Parkway"," ","Rotary","Parkway"," ",0,0,0,0,"Sault Ste. Marie"
"Routledge Avenue"," ","Routledge","Avenue"," ",9,29,6,34,"Sault Ste. Marie"
"Rowell Avenue"," ","Rowell","Avenue"," ",261,451,262,440,"Sault Ste. Marie"
"Royal Road"," ","Royal","Road"," ",3,11,4,12,"Sault Ste. Marie"
"Royal York Boulevard"," ","Royal York","Boulevard"," ",7,85,14,96,"Sault Ste. Marie"
"Royce Avenue"," ","Royce","Avenue"," ",0,463,0,468,"Sault Ste. Marie"
"Ruscio Crescent",,"Ruscio","Crescent",,8,96,11,91,"Sault Ste. Marie"
"Rush Avenue"," ","Rush","Avenue"," ",14,76,15,75,"Sault Ste. Marie"
"Rushmere Drive"," ","Rushmere","Drive"," ",1,47,0,42,"Sault Ste. Marie"
"Russ Ramsay Way"," ","Russ Ramsay","Way"," ",5,49,2,48,"Sault Ste. Marie"
"Ruth Street"," ","Ruth","Street"," ",81,163,84,158,"Sault Ste. Marie"
"Sackville Road"," ","Sackville","Road"," ",1,199,2,198,"Sault Ste. Marie"
"Saddle Crescent",,"Saddle","Crescent",,3,43,0,0,"Sault Ste. Marie"
"Salisbury Avenue"," ","Salisbury","Avenue"," ",0,118,13,145,"Sault Ste. Marie"
"Sand Road"," ","Sand","Road"," ",0,0,0,0,"Sault Ste. Marie"
"Schultz Side Road"," ","Schultz Side","Road"," ",1,399,4,424,"Sault Ste. Marie"
"Sebecic Way",,"Sebecic","Way",,0,0,0,0,"Sault Ste. Marie"
"Second Avenue"," ","Second","Avenue"," ",281,499,280,522,"Sault Ste. Marie"
"Second Line East"," ","Second","Line","East",4,1158,0,1159,"Sault Ste. Marie"
"Second Line West"," ","Second","Line","West",0,2299,0,2266,"Sault Ste. Marie"
"Selby Road"," ","Selby","Road"," ",221,305,212,310,"Sault Ste. Marie"
"Selkirk Road"," ","Selkirk","Road"," ",12,34,11,35,"Sault Ste. Marie"
"Seventh Avenue"," ","Seventh","Avenue"," ",359,383,360,380,"Sault Ste. Marie"
"Shafer Avenue"," ","Shafer","Avenue"," ",599,773,600,772,"Sault Ste. Marie"
"Shannon Road"," ","Shannon","Road"," ",0,565,0,662,"Sault Ste. Marie"
"Sharon Crescent"," ","Sharon","Crescent"," ",2,137,3,130,"Sault Ste. Marie"
"Shatruck Drive"," ","Shatruck","Drive"," ",0,0,0,0,"Sault Ste. Marie"
"Sheppard Street"," ","Sheppard","Street"," ",9,79,0,38,"Sault Ste. Marie"
"Sherbourne Street"," ","Sherbourne","Street"," ",415,635,426,632,"Sault Ste. Marie"
"Sherbrook Drive"," ","Sherbrook","Drive"," ",2,62,1,61,"Sault Ste. Marie"
"Sherwood Parkway"," ","Sherwood","Parkway"," ",3,55,4,74,"Sault Ste. Marie"
"Shingwauk Street"," ","Shingwauk","Street"," ",0,0,0,0,"Sault Ste. Marie"
"Shore Drive"," ","Shore","Drive"," ",0,0,0,0,"Sault Ste. Marie"
"Shoreview Court"," ","Shoreview","Court"," ",0,21,4,36,"Sault Ste. Marie"
"Short Street"," ","Short","Street"," ",733,781,764,764,"Sault Ste. Marie"
"Silver Birch Drive"," ","Silver Birch","Drive"," ",3,37,2,38,"Sault Ste. Marie"
"Silverdale Avenue"," ","Silverdale","Avenue"," ",9,35,14,44,"Sault Ste. Marie"
"Simcoe Street",,"Simcoe","Street",,28,100,0,0,"Sault Ste. Marie"
"Simon Avenue"," ","Simon","Avenue"," ",8,138,7,145,"Sault Ste. Marie"
"Simpson Street"," ","Simpson","Street"," ",0,267,0,268,"Sault Ste. Marie"
"Sinclair Drive",,"Sinclair","Drive",,28,46,43,43,"Sault Ste. Marie"
"Sinclair Street"," ","Sinclair","Street"," ",115,119,0,0,"Sault Ste. Marie"
"Sinter Plant Road",,"Sinter Plant","Road",,0,0,0,0,"Sault Ste. Marie"
"Sisson Street"," ","Sisson","Street"," ",7,31,8,32,"Sault Ste. Marie"
"Sixth Avenue"," ","Sixth","Avenue"," ",277,357,266,366,"Sault Ste. Marie"
"Sixth Line East"," ","Sixth","Line","East",2,288,0,245,"Sault Ste. Marie"
"Sixth Line West"," ","Sixth","Line","West",1809,2207,1808,2206,"Sault Ste. Marie"
"Smale Avenue"," ","Smale","Avenue"," ",44,124,43,119,"Sault Ste. Marie"
"Smyl Boulevard",,"Smyl","Boulevard",,0,0,0,0,"Sault Ste. Marie"
"Snowden Crescent",,"Snowden","Crescent",,0,0,40,40,"Sault Ste. Marie"
"Snowden Street",,"Snowden","Street",,0,32,0,20,"Sault Ste. Marie"
"Softwood Drive"," ","Softwood","Drive"," ",3,91,10,86,"Sault Ste. Marie"
"Soo Mill Entrance",,"Soo Mill Entrance",,,0,0,0,0,"Sault Ste. Marie"
"South Eden Street","South","Eden","Street"," ",8,72,7,79,"Sault Ste. Marie"
"South Gladstone Avenue","South","Gladstone","Avenue"," ",0,0,10,46,"Sault Ste. Marie"
"South Market Street","South","Market","Street"," ",0,319,0,320,"Sault Ste. Marie"
"Southwood Drive"," ","Southwood","Drive"," ",6,130,7,131,"Sault Ste. Marie"
"Spadina Avenue"," ","Spadina","Avenue"," ",47,415,46,414,"Sault Ste. Marie"
"Spring Street"," ","Spring","Street"," ",3,185,4,186,"Sault Ste. Marie"
"Spruce Street"," ","Spruce","Street"," ",27,279,2,268,"Sault Ste. Marie"
"St. Andrew's Terrace"," ","St. Andrew's","Terrace"," ",0,89,10,230,"Sault Ste. Marie"
"St. Basil's Drive"," ","St. Basil's","Drive"," ",1,45,2,46,"Sault Ste. Marie"
"St. George's Avenue East"," ","St. George's","Avenue","East",23,357,14,358,"Sault Ste. Marie"
"St. George's Avenue West"," ","St. George's","Avenue","West",15,243,26,244,"Sault Ste. Marie"
"St. James Street"," ","St. James","Street"," ",215,273,200,276,"Sault Ste. Marie"
"St. Mary's Avenue"," ","St. Mary's","Avenue"," ",9,69,0,100,"Sault Ste. Marie"
"St. Mary's River Drive"," ","St. Mary's River","Drive"," ",25,275,24,274,"Sault Ste. Marie"
"St. Michael's Square"," ","St. Michael's","Square"," ",0,37,0,50,"Sault Ste. Marie"
"St. Patrick Street"," ","St. Patrick","Street"," ",0,299,90,340,"Sault Ste. Marie"
"St. Thomas Street"," ","St. Thomas","Street"," ",2,34,1,35,"Sault Ste. Marie"
"Stanley Street"," ","Stanley","Street"," ",100,170,101,171,"Sault Ste. Marie"
"State Street"," ","State","Street"," ",4,8,0,0,"Sault Ste. Marie"
"Steel Dock Road",,,,,0,0,0,0,"Sault Ste. Marie"
"Steel Plant Entrance",,"Steel Plant Entrance",,,0,0,0,0,"Sault Ste. Marie"
"Stevens Street"," ","Stevens","Street"," ",9,55,6,52,"Sault Ste. Marie"
"Stores Road",,,,,0,0,0,0,"Sault Ste. Marie"
"Strand Avenue"," ","Strand","Avenue"," ",2,258,5,257,"Sault Ste. Marie"
"Strathclair Park Entrance",,"Strathclair Park Entrance",,,0,0,0,0,"Sault Ste. Marie"
"Strip Caster Road",,,,,0,0,0,0,"Sault Ste. Marie"
"Structural Bays Road",,,,,0,0,0,0,"Sault Ste. Marie"
"Summit Avenue"," ","Summit","Avenue"," ",7,99,4,96,"Sault Ste. Marie"
"Sunlea Street"," ","Sunlea","Street"," ",0,0,0,0,"Sault Ste. Marie"
"Sunnydale Road"," ","Sunnydale","Road"," ",8,40,11,39,"Sault Ste. Marie"
"Sunnyside Beach Road"," ","Sunnyside Beach","Road"," ",9,1049,32,544,"Sault Ste. Marie"
"Sunset Court"," ","Sunset","Court"," ",9,33,6,30,"Sault Ste. Marie"
"Sunset Drive"," ","Sunset","Drive"," ",3,93,4,88,"Sault Ste. Marie"
"Superior Drive"," ","Superior","Drive"," ",5,125,4,118,"Sault Ste. Marie"
"Sussex Road"," ","Sussex","Road"," ",241,429,236,432,"Sault Ste. Marie"
"Sutton Place"," ","Sutton","Place"," ",11,187,6,188,"Sault Ste. Marie"
"Swartz Street"," ","Swartz","Street"," ",0,0,0,0,"Sault Ste. Marie"
"Sydenham Road"," ","Sydenham","Road"," ",215,439,210,444,"Sault Ste. Marie"
"Taber Street"," ","Taber","Street"," ",0,0,0,0,"Sault Ste. Marie"
"Tadcaster Place"," ","Tadcaster","Place"," ",1,69,2,68,"Sault Ste. Marie"
"Tagona Scale Road",,,,,,,,,"Sault Ste. Marie"
"Tallack Boulevard"," ","Tallack","Boulevard"," ",0,41,0,4,"Sault Ste. Marie"
"Talon Avenue"," ","Talon","Avenue"," ",22,78,0,59,"Sault Ste. Marie"
"Talwood Drive"," ","Talwood","Drive"," ",0,0,0,0,"Sault Ste. Marie"
"Tamarack Avenue"," ","Tamarack","Avenue"," ",20,74,19,75,"Sault Ste. Marie"
"Tancred Street"," ","Tancred","Street"," ",0,207,0,186,"Sault Ste. Marie"
"Tank Farm Road",,"Tank Farm","Road",,0,0,0,0,"Sault Ste. Marie"
"Taskar Drive"," ","Taskar","Drive"," ",2,126,1,129,"Sault Ste. Marie"
"Teal Avenue"," ","Teal","Avenue"," ",21,33,0,0,"Sault Ste. Marie"
"Terrance Avenue"," ","Terrance","Avenue"," ",20,226,11,225,"Sault Ste. Marie"
"Terry Fox Place"," ","Terry Fox","Place"," ",0,18,3,27,"Sault Ste. Marie"
"Texas Avenue"," ","Texas","Avenue"," ",0,107,16,116,"Sault Ste. Marie"
"The Crescent"," ","The","Crescent"," ",3,15,2,30,"Sault Ste. Marie"
"The Drive"," ","The","Drive"," ",10,90,19,101,"Sault Ste. Marie"
"Third Avenue"," ","Third","Avenue"," ",281,503,278,504,"Sault Ste. Marie"
"Third Line East"," ","Third","Line","East",4,1592,3,1615,"Sault Ste. Marie"
"Third Line West"," ","Third","Line","West",0,4081,0,5012,"Sault Ste. Marie"
"Thorneloe Crescent"," ","Thorneloe","Crescent"," ",11,85,10,78,"Sault Ste. Marie"
"Tilley Road"," ","Tilley","Road"," ",12,230,55,229,"Sault Ste. Marie"
"Timothy Place"," ","Timothy","Place"," ",0,0,3,39,"Sault Ste. Marie"
"Toronto Street"," ","Toronto","Street"," ",165,177,0,0,"Sault Ste. Marie"
"Towers Street"," ","Towers","Street"," ",2,28,1,27,"Sault Ste. Marie"
"Town Line Road"," ","Town Line","Road"," ",105,579,220,564,"Sault Ste. Marie"
"Transportation Road",,"Transportation","Road",,0,0,0,0,"Sault Ste. Marie"
"Trelawne Avenue"," ","Trelawne","Avenue"," ",12,264,21,265,"Sault Ste. Marie"
"Truck Scale Road",,"Truck Scale","Road",,0,0,0,0,"Sault Ste. Marie"
"Trunk Road"," ","Trunk","Road"," ",0,130,3,1731,"Sault Ste. Marie"
"Tuckett Street"," ","Tuckett","Street"," ",0,59,0,64,"Sault Ste. Marie"
"Turner Avenue"," ","Turner","Avenue"," ",105,233,104,234,"Sault Ste. Marie"
"Tuscany Square",,"Tuscany","Square",,0,0,0,0,"Sault Ste. Marie"
"Upton Road"," ","Upton","Road"," ",55,269,0,204,"Sault Ste. Marie"
"Val Street"," ","Val","Street"," ",10,44,11,39,"Sault Ste. Marie"
"Valhalla Place"," ","Valhalla","Place"," ",0,40,1,57,"Sault Ste. Marie"
"Van Daele Street"," ","Van Daele","Street"," ",5,39,8,32,"Sault Ste. Marie"
"Varsity Avenue"," ","Varsity","Avenue"," ",0,40,1,53,"Sault Ste. Marie"
"Venn Street"," ","Venn","Street"," ",0,0,0,0,"Sault Ste. Marie"
"Vera Avenue"," ","Vera","Avenue"," ",15,47,4,22,"Sault Ste. Marie"
"Vesta Place"," ","Vesta","Place"," ",3,39,8,38,"Sault Ste. Marie"
"Victor Emmanuel Avenue"," ","Victor Emmanuel","Avenue"," ",101,115,102,114,"Sault Ste. Marie"
"Victor Grondin Way",,"Victor Grondin","Way",,0,0,0,0,"Sault Ste. Marie"
"Victoria Avenue"," ","Victoria","Avenue"," ",0,24,0,25,"Sault Ste. Marie"
"Victoria Street"," ","Victoria","Street"," ",0,115,0,112,"Sault Ste. Marie"
"Village Court"," ","Village","Court"," ",6,90,1,78,"Sault Ste. Marie"
"Vivian Avenue"," ","Vivian","Avenue"," ",101,127,102,128,"Sault Ste. Marie"
"Wallace Terrace"," ","Wallace","Terrace"," ",0,1239,0,1238,"Sault Ste. Marie"
"Walls Side Road"," ","Walls Side","Road"," ",347,523,306,522,"Sault Ste. Marie"
"Walmart Entrance",,"Walmart Entrance",,,0,0,0,0,"Sault Ste. Marie"
"Walnut Street"," ","Walnut","Street"," ",33,251,20,266,"Sault Ste. Marie"
"Walters Street"," ","Walters","Street"," ",7,49,12,50,"Sault Ste. Marie"
"Wardell Road"," ","Wardell","Road"," ",1,103,2,104,"Sault Ste. Marie"
"Warren Avenue",,"Warren","Avenue",,0,0,2,40,"Sault Ste. Marie"
"Wawanosh Avenue"," ","Wawanosh","Avenue"," ",2,130,1,129,"Sault Ste. Marie"
"Wayne Court"," ","Wayne","Court"," ",15,103,14,84,"Sault Ste. Marie"
"Weeks Street"," ","Weeks","Street"," ",0,0,0,0,"Sault Ste. Marie"
"Welcome Avenue"," ","Welcome","Avenue"," ",1,49,2,48,"Sault Ste. Marie"
"Weldon Avenue"," ","Weldon","Avenue"," ",3,121,2,120,"Sault Ste. Marie"
"Wellington Street East"," ","Wellington","Street","East",0,1680,0,1675,"Sault Ste. Marie"
"Wellington Street West"," ","Wellington","Street","West",0,747,0,752,"Sault Ste. Marie"
"Wemyss Street"," ","Wemyss","Street"," ",4,96,1,95,"Sault Ste. Marie"
"Wentworth Street"," ","Wentworth","Street"," ",24,36,0,0,"Sault Ste. Marie"
"West Balfour Street","West","Balfour","Street"," ",0,0,0,0,"Sault Ste. Marie"
"West Braemar Bay","West","Braemar","Bay"," ",19,41,22,40,"Sault Ste. Marie"
"West Dunrobin Bay","West","Dunrobin","Bay"," ",3,39,4,24,"Sault Ste. Marie"
"West Perth Bay","West","Perth","Bay"," ",41,77,40,78,"Sault Ste. Marie"
"West Street"," ","West","Street"," ",71,235,70,236,"Sault Ste. Marie"
"Westchester Drive"," ","Westchester","Drive"," ",3,99,4,102,"Sault Ste. Marie"
"Westgate Drive"," ","Westgate","Drive"," ",0,40,0,41,"Sault Ste. Marie"
"Westridge Road"," ","Westridge","Road"," ",7,177,2,174,"Sault Ste. Marie"
"Westwood Crescent"," ","Westwood","Crescent"," ",0,0,7,37,"Sault Ste. Marie"
"White Oak Drive East"," ","White Oak","Drive","East",32,120,11,121,"Sault Ste. Marie"
"White Oak Drive West"," ","White Oak","Drive","West",9,159,4,136,"Sault Ste. Marie"
"White Pine Court",,"White Pine","Court",,25,215,36,246,"Sault Ste. Marie"
"Whitney Avenue"," ","Whitney","Avenue"," ",265,439,266,440,"Sault Ste. Marie"
"Wiber Street"," ","Wiber","Street"," ",23,199,0,198,"Sault Ste. Marie"
"Wigle Street"," ","Wigle","Street"," ",23,47,24,46,"Sault Ste. Marie"
"Wilcox Avenue"," ","Wilcox","Avenue"," ",1,201,0,196,"Sault Ste. Marie"
"Wilderness Court",,"Wilderness","Court",,19,49,12,66,"Sault Ste. Marie"
"Wilding Avenue"," ","Wilding","Avenue"," ",111,157,110,160,"Sault Ste. Marie"
"Wildwood Avenue",,"Wildwood","Avenue",,0,0,1,65,"Sault Ste. Marie"
"Wilks Street"," ","Wilks","Street"," ",11,41,10,36,"Sault Ste. Marie"
"Williams Street"," ","Williams","Street"," ",0,124,7,137,"Sault Ste. Marie"
"Willoughby Street"," ","Willoughby","Street"," ",2,148,1,143,"Sault Ste. Marie"
"Willow Avenue"," ","Willow","Avenue"," ",13,355,12,354,"Sault Ste. Marie"
"Willowdale Street"," ","Willowdale","Street"," ",1,159,2,158,"Sault Ste. Marie"
"Wilson Street"," ","Wilson","Street"," ",0,725,0,714,"Sault Ste. Marie"
"Windsor Street"," ","Windsor","Street"," ",9,57,6,54,"Sault Ste. Marie"
"Windsor Trail",,"Windsor","Trail",,0,0,0,0,"Sault Ste. Marie"
"Winfield Drive"," ","Winfield","Drive"," ",1,17,2,16,"Sault Ste. Marie"
"Winston Avenue",,"Winston","Avenue",,0,0,0,0,"Sault Ste. Marie"
"Wireless Avenue"," ","Wireless","Avenue"," ",4,60,17,51,"Sault Ste. Marie"
"Wishart Park Road",,"Wishart Park","Road",,0,0,5,5,"Sault Ste. Marie"
"Wood Park Court",,"Wood Park","Court",,2,16,1,11,"Sault Ste. Marie"
"Woodcroft Avenue"," ","Woodcroft","Avenue"," ",405,445,406,438,"Sault Ste. Marie"
"Woodhurst Drive"," ","Woodhurst","Drive"," ",12,74,9,73,"Sault Ste. Marie"
"Woodlawn Avenue"," ","Woodlawn","Avenue"," ",1,47,2,48,"Sault Ste. Marie"
"Woodward Avenue"," ","Woodward","Avenue"," ",0,185,70,196,"Sault Ste. Marie"
"Wright Street"," ","Wright","Street"," ",10,36,0,0,"Sault Ste. Marie"
"YMCA Entrance",,"YMCA Entrance",,,0,0,0,0,"Sault Ste. Marie"
"Yates Avenue"," ","Yates","Avenue",,32,162,41,155,"Sault Ste. Marie"
"York Street"," ","York","Street"," ",0,0,0,48,"Sault Ste. Marie"
"Young Street"," ","Young","Street"," ",681,785,682,786,"Sault Ste. Marie"
"d'Youville Road"," ","d'Youville","Road"," ",0,0,0,0,"Sault Ste. Marie"